{"answers":{"request000":{"relevance":{"doc_id0":0,"doc_id1":0,"doc_id2":0,"rank0":1.0,"rank1":1.0,"rank2":1.0},"result":true},"request001":{"result":false},"request002":{"relevance":{"doc_id0":0,"doc_id1":3,"doc_id2":0,"doc_id3":0,"doc_id4":0,"rank0":1.0,"rank1":0.6666666865348816,"rank2":0.3333333432674408,"rank3":0.3333333432674408,"rank4":0.3333333432674408},"result":true},"request003":{"relevance":{"doc_id0":0,"doc_id1":0,"rank0":1.0,"rank1":1.0},"result":true}}}