{"answers":{"request000":{"relevance":{"doc_id0":2,"doc_id1":0,"doc_id2":1,"rank0":1.0,"rank1":0.9523809552192688,"rank2":0.7142857313156128},"result":true},"request001":{"relevance":{"doc_id0":1,"rank0":1.0},"result":true},"request002":{"relevance":{"doc_id0":2,"doc_id1":0,"doc_id2":3,"doc_id3":1,"rank0":1.0,"rank1":0.4000000059604645,"rank2":0.20000000298023224,"rank3":0.13333334028720856},"result":true},"request003":{"result":false}}}